title,media,date,desc,link
Texans’ DeMeco Ryans on controversial flags: ‘It was us vs. everybody’ - The Athletic,The New York Times,9 minutes ago,The two particular calls involved hits against Chiefs quarterback Patrick Mahomes and came on scoring drives for Kansas City.,https://www.nytimes.com/athletic/6072240/2025/01/18/texans-chiefs-controversial-penalty/&ved=2ahUKEwjOrrip-oCLAxVDbfUHHRsRNC4QxfQBegQIBhAC&usg=AOvVaw1x3hdxBLtffWrWWZq_gyBk
Anderson: It was Texans 'vs. the refs' in loss,ESPN,1 hour ago,"After Saturday's 23-14 AFC divisional round playoff loss to the Kansas City Chiefs in which some penalty calls worked against the Houston Texans,...",https://www.espn.com/nfl/story/_/id/43472843/will-anderson-jr-irked-penalty-calls-texans-loss&ved=2ahUKEwjOrrip-oCLAxVDbfUHHRsRNC4QxfQBegQICRAC&usg=AOvVaw3jfRwpPBsn6_USSmIVz3o4
TikTok Tells Users It Will Be ‘Temporarily Unavailable’ in the U.S.,The New York Times,1 hour ago,"The popular video app displayed a message signaling it might go offline, with a federal law barring U.S. companies from hosting or distributing TikTok set...",https://www.nytimes.com/2025/01/18/technology/tiktok-ban.html&ved=2ahUKEwjOrrip-oCLAxVDbfUHHRsRNC4QxfQBegQIARAC&usg=AOvVaw0tlsDfh6g5bZJG6HNzD3Ss
Iran unveils underground naval base as it seeks to counter Israeli threat,Sky News,1 hour ago,"Footage broadcast on state TV shows a large number of speedboats lined up in what appears to be an underground tunnel. It is reportedly part of a ""secret""...",https://news.sky.com/story/iran-unveils-underground-naval-base-as-it-seeks-to-counter-israeli-threat-13292050&ved=2ahUKEwjOrrip-oCLAxVDbfUHHRsRNC4QxfQBegQIBBAC&usg=AOvVaw2pkoiqI3c-esBTv1YCpb1U
Protesters storm South Korea court after it extends Yoon's detention,Reuters,1 hour ago,"Supporters of impeached President Yoon Suk Yeol pushed past lines of police to enter the court, some destroying furniture and blasting fire extinguishers at...",https://www.reuters.com/world/asia-pacific/south-korean-court-grants-extension-president-yoons-detention-2025-01-18/&ved=2ahUKEwjOrrip-oCLAxVDbfUHHRsRNC4QxfQBegQICBAC&usg=AOvVaw1pMjD9CmlButcYN4cpN8sv
TikTok tells users it will be ‘temporarily unavailable' when ban starts Sunday,NBC10 Philadelphia,1 hour ago,A law is set to ban TikTok in the United States unless it divests from its Chinese-owned parent company by Jan. 19. Published 4 mins ago • Updated 3...,https://www.nbcphiladelphia.com/news/national-international/tiktok-tells-users-temporarily-unavailable-ban/4082311/&ved=2ahUKEwjOrrip-oCLAxVDbfUHHRsRNC4QxfQBegQIBRAC&usg=AOvVaw3gx86SwQrnoozml63X6UWO
TikTok warns Americans it is about to shut down,CNN,2 hours ago,TikTok could go dark in the United States on Sunday after the Supreme Court upheld a ban on the Chinese-owned social media platform — but it could be back...,https://www.cnn.com/2025/01/18/business/trump-tiktok-ban/index.html&ved=2ahUKEwjOrrip-oCLAxVDbfUHHRsRNC4QxfQBegQIABAC&usg=AOvVaw2DQH9Y6Q-Y5g7FD7gT77lc
"After Chiefs win despite a subpar performance, can they keep getting away with it deep into playoffs?",Yahoo Sports,2 hours ago,"They did it again. Despite not looking like an overwhelming team at really any point this season, the Chiefs have muscled their way to a seventh straight...",https://sports.yahoo.com/after-chiefs-win-despite-a-subpar-performance-can-they-keep-getting-away-with-it-deep-into-playoffs-023646397.html&ved=2ahUKEwjOrrip-oCLAxVDbfUHHRsRNC4QxfQBegQIAxAC&usg=AOvVaw08DfGbwWpL8lRiySlqFSnZ
TikTok tells users it will be 'temporarily unavailable' in the US on Sunday,Reuters,2 hours ago,"TikTok told users in the United States late on Saturday it would be ""temporarily unavailable"" on Sunday when a law banning the app takes effect in the...",https://www.reuters.com/technology/tiktok-tells-users-it-will-be-temporarily-unavailable-us-sunday-2025-01-19/&ved=2ahUKEwjOrrip-oCLAxVDbfUHHRsRNC4QxfQBegQIBxAC&usg=AOvVaw3nYBvDqkUg8D4MkhvJVrJw
"As it happened: Luxon announces Cabinet reshuffle, Shane Reti loses health portfolio to Simeon Brown",RNZ,3 hours ago,"Dr Shane Reti has lost his health portfolio in a major reshuffle by Prime Minister Christopher Luxon. He will be replaced by Simeon Brown,...",https://www.rnz.co.nz/news/political/539370/as-it-happened-luxon-announces-cabinet-reshuffle-shane-reti-loses-health-portfolio-to-simeon-brown&ved=2ahUKEwjOrrip-oCLAxVDbfUHHRsRNC4QxfQBegQIAhAC&usg=AOvVaw21XaVtil8shOujnxvDqiVV
Texans’ DeMeco Ryans on controversial flags: ‘It was us vs. everybody’ - The Athletic,The New York Times,9 minutes ago,The two particular calls involved hits against Chiefs quarterback Patrick Mahomes and came on scoring drives for Kansas City.,https://www.nytimes.com/athletic/6072240/2025/01/18/texans-chiefs-controversial-penalty/&ved=2ahUKEwji7LKq-oCLAxX6ZvUHHfu_HOcQxfQBegQIBBAC&usg=AOvVaw2O6Ug9RIPosGke1NAdtgkM
Anderson: It was Texans 'vs. the refs' in loss,ESPN,1 hour ago,"After Saturday's 23-14 AFC divisional round playoff loss to the Kansas City Chiefs in which some penalty calls worked against the Houston Texans,...",https://www.espn.com/nfl/story/_/id/43472843/will-anderson-jr-irked-penalty-calls-texans-loss&ved=2ahUKEwji7LKq-oCLAxX6ZvUHHfu_HOcQxfQBegQICRAC&usg=AOvVaw2hUCDOYeU6T7TM6QYJNx-j
TikTok Tells Users It Will Be ‘Temporarily Unavailable’ in the U.S.,The New York Times,1 hour ago,"The popular video app displayed a message signaling it might go offline, with a federal law barring U.S. companies from hosting or distributing TikTok set...",https://www.nytimes.com/2025/01/18/technology/tiktok-ban.html&ved=2ahUKEwji7LKq-oCLAxX6ZvUHHfu_HOcQxfQBegQIBRAC&usg=AOvVaw2NaOUCBZsdemq_4WesMF8c
Iran unveils underground naval base as it seeks to counter Israeli threat,Sky News,1 hour ago,"Footage broadcast on state TV shows a large number of speedboats lined up in what appears to be an underground tunnel. It is reportedly part of a ""secret""...",https://news.sky.com/story/iran-unveils-underground-naval-base-as-it-seeks-to-counter-israeli-threat-13292050&ved=2ahUKEwji7LKq-oCLAxX6ZvUHHfu_HOcQxfQBegQIAhAC&usg=AOvVaw1JzY8bMsWAIr18hoaYu3WR
Protesters storm South Korea court after it extends Yoon's detention,Reuters,1 hour ago,"Supporters of impeached President Yoon Suk Yeol pushed past lines of police to enter the court, some destroying furniture and blasting fire extinguishers at...",https://www.reuters.com/world/asia-pacific/south-korean-court-grants-extension-president-yoons-detention-2025-01-18/&ved=2ahUKEwji7LKq-oCLAxX6ZvUHHfu_HOcQxfQBegQIBhAC&usg=AOvVaw1E6rL6dP-G_VekvQyvY5jX
TikTok tells users it will be ‘temporarily unavailable' when ban starts Sunday,NBC10 Philadelphia,1 hour ago,A law is set to ban TikTok in the United States unless it divests from its Chinese-owned parent company by Jan. 19. Published 4 mins ago • Updated 3...,https://www.nbcphiladelphia.com/news/national-international/tiktok-tells-users-temporarily-unavailable-ban/4082311/&ved=2ahUKEwji7LKq-oCLAxX6ZvUHHfu_HOcQxfQBegQIARAC&usg=AOvVaw0w8hyhb8Y2u_Tq576NS_wK
TikTok warns Americans it is about to shut down,CNN,2 hours ago,TikTok could go dark in the United States on Sunday after the Supreme Court upheld a ban on the Chinese-owned social media platform — but it could be back...,https://www.cnn.com/2025/01/18/business/trump-tiktok-ban/index.html&ved=2ahUKEwji7LKq-oCLAxX6ZvUHHfu_HOcQxfQBegQIAxAC&usg=AOvVaw0mKIwT6t-hxoYQbpkd6vBv
"After Chiefs win despite a subpar performance, can they keep getting away with it deep into playoffs?",Yahoo Sports,2 hours ago,"They did it again. Despite not looking like an overwhelming team at really any point this season, the Chiefs have muscled their way to a seventh straight...",https://sports.yahoo.com/after-chiefs-win-despite-a-subpar-performance-can-they-keep-getting-away-with-it-deep-into-playoffs-023646397.html&ved=2ahUKEwji7LKq-oCLAxX6ZvUHHfu_HOcQxfQBegQICBAC&usg=AOvVaw0xLNxFgU019ptQc2UsDtSE
TikTok tells users it will be 'temporarily unavailable' in the US on Sunday,Reuters,2 hours ago,"TikTok told users in the United States late on Saturday it would be ""temporarily unavailable"" on Sunday when a law banning the app takes effect in the...",https://www.reuters.com/technology/tiktok-tells-users-it-will-be-temporarily-unavailable-us-sunday-2025-01-19/&ved=2ahUKEwji7LKq-oCLAxX6ZvUHHfu_HOcQxfQBegQIBxAC&usg=AOvVaw01tZKHa9vDHx4XIz7HXBC8
"As it happened: Luxon announces Cabinet reshuffle, Shane Reti loses health portfolio to Simeon Brown",RNZ,3 hours ago,"Dr Shane Reti has lost his health portfolio in a major reshuffle by Prime Minister Christopher Luxon. He will be replaced by Simeon Brown,...",https://www.rnz.co.nz/news/political/539370/as-it-happened-luxon-announces-cabinet-reshuffle-shane-reti-loses-health-portfolio-to-simeon-brown&ved=2ahUKEwji7LKq-oCLAxX6ZvUHHfu_HOcQxfQBegQIABAC&usg=AOvVaw38xUTGIgjaJzQyz8KbwBL3
Texans’ DeMeco Ryans on controversial flags: ‘It was us vs. everybody’ - The Athletic,The New York Times,9 minutes ago,The two particular calls involved hits against Chiefs quarterback Patrick Mahomes and came on scoring drives for Kansas City.,https://www.nytimes.com/athletic/6072240/2025/01/18/texans-chiefs-controversial-penalty/&ved=2ahUKEwivuZqr-oCLAxWfhq8BHWzYEYUQxfQBegQIAhAC&usg=AOvVaw0ujPA9lb7A_HwANEnSKHFZ
Anderson: It was Texans 'vs. the refs' in loss,ESPN,1 hour ago,"After Saturday's 23-14 AFC divisional round playoff loss to the Kansas City Chiefs in which some penalty calls worked against the Houston Texans,...",https://www.espn.com/nfl/story/_/id/43472843/will-anderson-jr-irked-penalty-calls-texans-loss&ved=2ahUKEwivuZqr-oCLAxWfhq8BHWzYEYUQxfQBegQICRAC&usg=AOvVaw2SHcWfI9LXywcovh0OyPRS
TikTok Tells Users It Will Be ‘Temporarily Unavailable’ in the U.S.,The New York Times,1 hour ago,"The popular video app displayed a message signaling it might go offline, with a federal law barring U.S. companies from hosting or distributing TikTok set...",https://www.nytimes.com/2025/01/18/technology/tiktok-ban.html&ved=2ahUKEwivuZqr-oCLAxWfhq8BHWzYEYUQxfQBegQIBBAC&usg=AOvVaw1Qt30nyhgwyZrCr3dC0Zvk
Iran unveils underground naval base as it seeks to counter Israeli threat,Sky News,1 hour ago,"Footage broadcast on state TV shows a large number of speedboats lined up in what appears to be an underground tunnel. It is reportedly part of a ""secret""...",https://news.sky.com/story/iran-unveils-underground-naval-base-as-it-seeks-to-counter-israeli-threat-13292050&ved=2ahUKEwivuZqr-oCLAxWfhq8BHWzYEYUQxfQBegQIARAC&usg=AOvVaw1bQwbwDtTOwGxkARaC2Sqa
Protesters storm South Korea court after it extends Yoon's detention,Reuters,1 hour ago,"Supporters of impeached President Yoon Suk Yeol pushed past lines of police to enter the court, some destroying furniture and blasting fire extinguishers at...",https://www.reuters.com/world/asia-pacific/south-korean-court-grants-extension-president-yoons-detention-2025-01-18/&ved=2ahUKEwivuZqr-oCLAxWfhq8BHWzYEYUQxfQBegQIBxAC&usg=AOvVaw3Gm7BWrP5qSPZ1TPOuUmMk
TikTok tells users it will be ‘temporarily unavailable' when ban starts Sunday,NBC10 Philadelphia,1 hour ago,A law is set to ban TikTok in the United States unless it divests from its Chinese-owned parent company by Jan. 19. Published 4 mins ago • Updated 3...,https://www.nbcphiladelphia.com/news/national-international/tiktok-tells-users-temporarily-unavailable-ban/4082311/&ved=2ahUKEwivuZqr-oCLAxWfhq8BHWzYEYUQxfQBegQIBRAC&usg=AOvVaw1WW9TeCH6u14GnKFmxf7Cj
TikTok warns Americans it is about to shut down,CNN,2 hours ago,TikTok could go dark in the United States on Sunday after the Supreme Court upheld a ban on the Chinese-owned social media platform — but it could be back...,https://www.cnn.com/2025/01/18/business/trump-tiktok-ban/index.html&ved=2ahUKEwivuZqr-oCLAxWfhq8BHWzYEYUQxfQBegQIAxAC&usg=AOvVaw09n1LIoyauFrct9GA-Cx-B
"After Chiefs win despite a subpar performance, can they keep getting away with it deep into playoffs?",Yahoo Sports,2 hours ago,"They did it again. Despite not looking like an overwhelming team at really any point this season, the Chiefs have muscled their way to a seventh straight...",https://sports.yahoo.com/after-chiefs-win-despite-a-subpar-performance-can-they-keep-getting-away-with-it-deep-into-playoffs-023646397.html&ved=2ahUKEwivuZqr-oCLAxWfhq8BHWzYEYUQxfQBegQICBAC&usg=AOvVaw0P-cm51xPvQ21g_LOOBTwW
TikTok tells users it will be 'temporarily unavailable' in the US on Sunday,Reuters,2 hours ago,"TikTok told users in the United States late on Saturday it would be ""temporarily unavailable"" on Sunday when a law banning the app takes effect in the...",https://www.reuters.com/technology/tiktok-tells-users-it-will-be-temporarily-unavailable-us-sunday-2025-01-19/&ved=2ahUKEwivuZqr-oCLAxWfhq8BHWzYEYUQxfQBegQIABAC&usg=AOvVaw0pvBGp3JX7qs9BhwkQqcpx
"As it happened: Luxon announces Cabinet reshuffle, Shane Reti loses health portfolio to Simeon Brown",RNZ,3 hours ago,"Dr Shane Reti has lost his health portfolio in a major reshuffle by Prime Minister Christopher Luxon. He will be replaced by Simeon Brown,...",https://www.rnz.co.nz/news/political/539370/as-it-happened-luxon-announces-cabinet-reshuffle-shane-reti-loses-health-portfolio-to-simeon-brown&ved=2ahUKEwivuZqr-oCLAxWfhq8BHWzYEYUQxfQBegQIBhAC&usg=AOvVaw3KG6fOpsxAUlmYd5Xuhijl
Trump says he will 'most likely' give TikTok 90-day reprieve from ban,BBC,4 hours ago,Trump says an announcement will probably come once he takes office on Monday about the app's future in the US.,https://www.bbc.com/news/articles/cwypng0rw0lo&ved=2ahUKEwin3Mur-oCLAxVcoK8BHTnmHTA4ChDF9AF6BAgBEAI&usg=AOvVaw3zb2QzIKVFjGVK32pCxQ2D
I’ve covered deadly wildfires for seven years. It doesn’t have to be this way | Dani Anguiano in Los Angeles,The Guardian,4 hours ago,"While the LA fires have been described as unprecedented, here in California we have experience with this kind of fire.",https://www.theguardian.com/commentisfree/2025/jan/18/los-angeles-wildfires-altadena&ved=2ahUKEwin3Mur-oCLAxVcoK8BHTnmHTA4ChDF9AF6BAgJEAI&usg=AOvVaw3X6SgooVdPSdGd88XxmSdq
Sudan's el-Fasher siege: Last surgeons standing in city's only hospital,BBC,4 hours ago,El-Fasher's last functioning hospital records 28 deaths in the last month after being targeted by shells.,https://www.bbc.com/news/articles/cn011rk5evyo&ved=2ahUKEwin3Mur-oCLAxVcoK8BHTnmHTA4ChDF9AF6BAgEEAI&usg=AOvVaw0xlfrnjRzDr0b-6KgyjGhn
NSW psychiatrists threatening to resign say it’s not about money - it’s about the ‘collapse’ of the system,The Guardian,4 hours ago,Psychiatrists say higher salaries needed to retain doctors and attract new ones to care for mental health patients.,https://www.theguardian.com/society/2025/jan/19/nsw-psychiatrists-threatening-to-resign-say-its-not-about-money-its-about-the-collapse-of-the-system&ved=2ahUKEwin3Mur-oCLAxVcoK8BHTnmHTA4ChDF9AF6BAgCEAI&usg=AOvVaw0gyhMS9h1yuPqeYQenNvWu
Inside the players-only meeting after Michigan loss that saved Ohio State's season: 'It got heated in moments',CBS Sports,5 hours ago,"Three days after an incomprehensible loss, Ohio State's players and coach Ryan Day met to clear the air.",https://www.cbssports.com/college-football/news/inside-the-players-only-meeting-after-michigan-loss-that-saved-ohio-states-season-it-got-heated-in-moments/&ved=2ahUKEwin3Mur-oCLAxVcoK8BHTnmHTA4ChDF9AF6BAgGEAI&usg=AOvVaw3js2_fZ7DbC31LkxMw00hP
The new Australian Open heat policy that takes out the 'subjectivity',Australian Broadcasting Corporation,5 hours ago,The Australian Open introduced a new heat policy in 2019 after years of negative headlines. Here's how it works.,https://www.abc.net.au/news/2025-01-19/australian-open-heat-policy/104794752&ved=2ahUKEwin3Mur-oCLAxVcoK8BHTnmHTA4ChDF9AF6BAgIEAI&usg=AOvVaw0Y598hTL7t40wNARBf9F1_
TikTok goes offline for US users; Trump 'likely' to grant extension to avoid ban,ABC7 Los Angeles,5 hours ago,"TikTok alerted users as they opened the app Saturday night that it has gone offline in the U.S. due to a ban, but said they are working with Trump.",https://abc7.com/post/trump-likely-grant-tiktok-90-day-extension-avoid-ban-us/15813992/&ved=2ahUKEwin3Mur-oCLAxVcoK8BHTnmHTA4ChDF9AF6BAgAEAI&usg=AOvVaw2GxtgPRw8mY5YesVqBK6yM
John Mozeliak on Cardinals and trading Nolan Arenado: ‘It’s a top priority’,The New York Times,6 hours ago,The Cardinals remain hindered by Alex Bregman's free-agent market and Arenado's no-trade clause.,https://www.nytimes.com/athletic/6071825/2025/01/18/cardinals-nolan-arenado-trade-priority/&ved=2ahUKEwin3Mur-oCLAxVcoK8BHTnmHTA4ChDF9AF6BAgFEAI&usg=AOvVaw2hnV259ZZSXarxx1D55Mmo
TikTok says it will ‘go dark’ unless it gets clarity from Biden following Supreme Court ruling,AP News,7 hours ago,The Supreme Court has unanimously upheld the federal law banning TikTok beginning Sunday unless it's sold by its China-based parent company.,https://apnews.com/article/supreme-court-tiktok-china-security-speech-166f7c794ee587d3385190f893e52777&ved=2ahUKEwin3Mur-oCLAxVcoK8BHTnmHTA4ChDF9AF6BAgHEAI&usg=AOvVaw1tZHfwuPvHYEPYtaFrYTq1
'It's very easy to misidentify': Snake catchers warn against untrained handling,Australian Broadcasting Corporation,7 hours ago,"Kurt Whyte is often sent videos of people with what they think are ""harmless tree snakes"" but they're actually deadly eastern browns.",https://www.abc.net.au/news/2025-01-19/snake-catchers-warn-against-untrained-handling/104823620&ved=2ahUKEwin3Mur-oCLAxVcoK8BHTnmHTA4ChDF9AF6BAgDEAI&usg=AOvVaw3vZ2Ll5ZdfN4dsOEsR4gmf
Texans’ DeMeco Ryans on controversial flags: ‘It was us vs. everybody’ - The Athletic,The New York Times,9 minutes ago,The two particular calls involved hits against Chiefs quarterback Patrick Mahomes and came on scoring drives for Kansas City.,https://www.nytimes.com/athletic/6072240/2025/01/18/texans-chiefs-controversial-penalty/&ved=2ahUKEwjc1res-oCLAxUbdfUHHWw7OLUQxfQBegQIAhAC&usg=AOvVaw2Fb_uzTX3kiNktVKALWPMR
Anderson: It was Texans 'vs. the refs' in loss,ESPN,1 hour ago,"After Saturday's 23-14 AFC divisional round playoff loss to the Kansas City Chiefs in which some penalty calls worked against the Houston Texans,...",https://www.espn.com/nfl/story/_/id/43472843/will-anderson-jr-irked-penalty-calls-texans-loss&ved=2ahUKEwjc1res-oCLAxUbdfUHHWw7OLUQxfQBegQICRAC&usg=AOvVaw02TGcjbhLuLzo-le6htyKU
TikTok Tells Users It Will Be ‘Temporarily Unavailable’ in the U.S.,The New York Times,1 hour ago,"The popular video app displayed a message signaling it might go offline, with a federal law barring U.S. companies from hosting or distributing TikTok set...",https://www.nytimes.com/2025/01/18/technology/tiktok-ban.html&ved=2ahUKEwjc1res-oCLAxUbdfUHHWw7OLUQxfQBegQIARAC&usg=AOvVaw2a_ZQwVnToAWQt3CTTYdIZ
Iran unveils underground naval base as it seeks to counter Israeli threat,Sky News,1 hour ago,"Footage broadcast on state TV shows a large number of speedboats lined up in what appears to be an underground tunnel. It is reportedly part of a ""secret""...",https://news.sky.com/story/iran-unveils-underground-naval-base-as-it-seeks-to-counter-israeli-threat-13292050&ved=2ahUKEwjc1res-oCLAxUbdfUHHWw7OLUQxfQBegQIBhAC&usg=AOvVaw3IdJCKnyU9o7sdDNTvXI58
Protesters storm South Korea court after it extends Yoon's detention,Reuters,1 hour ago,"Supporters of impeached President Yoon Suk Yeol pushed past lines of police to enter the court, some destroying furniture and blasting fire extinguishers at...",https://www.reuters.com/world/asia-pacific/south-korean-court-grants-extension-president-yoons-detention-2025-01-18/&ved=2ahUKEwjc1res-oCLAxUbdfUHHWw7OLUQxfQBegQIBBAC&usg=AOvVaw2La6BjfOmjWf-F0vq0_Uz8
TikTok tells users it will be ‘temporarily unavailable' when ban starts Sunday,NBC10 Philadelphia,1 hour ago,A law is set to ban TikTok in the United States unless it divests from its Chinese-owned parent company by Jan. 19. Published 4 mins ago • Updated 3...,https://www.nbcphiladelphia.com/news/national-international/tiktok-tells-users-temporarily-unavailable-ban/4082311/&ved=2ahUKEwjc1res-oCLAxUbdfUHHWw7OLUQxfQBegQIBxAC&usg=AOvVaw3AZn88dK1RUZZ-E1uYTo3Y
TikTok warns Americans it is about to shut down,CNN,2 hours ago,TikTok could go dark in the United States on Sunday after the Supreme Court upheld a ban on the Chinese-owned social media platform — but it could be back...,https://www.cnn.com/2025/01/18/business/trump-tiktok-ban/index.html&ved=2ahUKEwjc1res-oCLAxUbdfUHHWw7OLUQxfQBegQIBRAC&usg=AOvVaw1CbYihTlBE9GoNxV3sDi-X
"After Chiefs win despite a subpar performance, can they keep getting away with it deep into playoffs?",Yahoo Sports,2 hours ago,"They did it again. Despite not looking like an overwhelming team at really any point this season, the Chiefs have muscled their way to a seventh straight...",https://sports.yahoo.com/after-chiefs-win-despite-a-subpar-performance-can-they-keep-getting-away-with-it-deep-into-playoffs-023646397.html&ved=2ahUKEwjc1res-oCLAxUbdfUHHWw7OLUQxfQBegQIABAC&usg=AOvVaw2mP69vHPevPmWUDfpVsTBo
TikTok tells users it will be 'temporarily unavailable' in the US on Sunday,Reuters,2 hours ago,"TikTok told users in the United States late on Saturday it would be ""temporarily unavailable"" on Sunday when a law banning the app takes effect in the...",https://www.reuters.com/technology/tiktok-tells-users-it-will-be-temporarily-unavailable-us-sunday-2025-01-19/&ved=2ahUKEwjc1res-oCLAxUbdfUHHWw7OLUQxfQBegQIAxAC&usg=AOvVaw2SsKwY9iYNTuvERdfXxsE-
"As it happened: Luxon announces Cabinet reshuffle, Shane Reti loses health portfolio to Simeon Brown",RNZ,3 hours ago,"Dr Shane Reti has lost his health portfolio in a major reshuffle by Prime Minister Christopher Luxon. He will be replaced by Simeon Brown,...",https://www.rnz.co.nz/news/political/539370/as-it-happened-luxon-announces-cabinet-reshuffle-shane-reti-loses-health-portfolio-to-simeon-brown&ved=2ahUKEwjc1res-oCLAxUbdfUHHWw7OLUQxfQBegQICBAC&usg=AOvVaw2kMtPV7OQ6hqwIffw8dAQ9
Ben-Gvir to quit Israeli coalition after it endorses Gaza ceasefire deal,Financial Times,8 hours ago,Israel's far-right national security minister Itamar Ben-Gvir said on Saturday that he would pull out of Benjamin Netanyahu's coalition government in...,https://www.ft.com/content/234ecbe6-cda8-4ce2-bb12-dff9305552a4&ved=2ahUKEwjD3OCs-oCLAxU4j68BHau_BPc4FBDF9AF6BAgHEAI&usg=AOvVaw19_BmixYTMtGXL0VLMLoDP
‘A Complete Unknown’ Channels the Secret of Bob Dylan,Variety,8 hours ago,"The beauty of the movie, and of Timothée Chalamet's performance, is it captures how the secret of Dylan's music was never about what it ""means.",https://variety.com/2025/film/columns/the-secret-of-a-complete-unknown-bob-dylan-timothee-chalamet-1236277978/&ved=2ahUKEwjD3OCs-oCLAxU4j68BHau_BPc4FBDF9AF6BAgJEAI&usg=AOvVaw2bAZXiG2lTKaTkQ8ugABFu
Video: It’s Dungeness crab season in San Francisco,Mission Local,9 hours ago,"It's January in San Francisco, and you know what that means? It's the perfect time to get yourself some fresh crab.",https://missionlocal.org/2025/01/video-its-dungeness-crab-season-in-san-francisco/&ved=2ahUKEwjD3OCs-oCLAxU4j68BHau_BPc4FBDF9AF6BAgBEAI&usg=AOvVaw3H2atEzCxwDQAJoRBF8azP
Man has nine relatives killed in IDF air strike as Gaza is pummeled ahead of Israel-Hamas ceasefire,Australian Broadcasting Corporation,9 hours ago,"Amer al-Sultan has been covering the war in Gaza as a reporter, but this week he became the story when nine members of his family were killed in an IDF...",https://www.abc.net.au/news/2025-01-19/in-gaza-days-before-ceasefire-can-be-among-most-deadly/104833472&ved=2ahUKEwjD3OCs-oCLAxU4j68BHau_BPc4FBDF9AF6BAgEEAI&usg=AOvVaw0Dqc8qUWw2O3hz5pHnSG8Y
‘Finally it’s happening. I know he’s still alive’: Families of Israeli hostages await nervously the return of their loved ones,The Guardian,9 hours ago,The fate of captives held by Hamas is in the balance until they are finally swapped for Palestinian prisoners.,https://www.theguardian.com/world/2025/jan/18/finally-its-happening-i-know-hes-still-alive-families-of-israeli-hostages-await-nervously-the-return-of-their-loved-ones&ved=2ahUKEwjD3OCs-oCLAxU4j68BHau_BPc4FBDF9AF6BAgFEAI&usg=AOvVaw1c_o_7oUJA7shSy3okZBjF
The Observer view on the Gaza ceasefire: it’s time for both sides to think again,The Guardian,9 hours ago,"This brief, fragile pause is a chance for all involved in the Israel-Palestine conflict to accept that violence does not work.",https://www.theguardian.com/commentisfree/2025/jan/18/the-observer-view-on-the-gaza-ceasefire-its-time-for-both-sides-to-think-again&ved=2ahUKEwjD3OCs-oCLAxU4j68BHau_BPc4FBDF9AF6BAgCEAI&usg=AOvVaw13-r1Z-xJklPu8eGg6yxmJ
Hard Quiz: Convinced you can ace this quiz? I'll wait ...,Australian Broadcasting Corporation,9 hours ago,"1. Seeking financial independence from the royal family, the Duke and Duchess of Sussex paid back £2.",https://www.abc.net.au/news/2025-01-19/hard-quiz-weekly-trivia/104812332&ved=2ahUKEwjD3OCs-oCLAxU4j68BHau_BPc4FBDF9AF6BAgAEAI&usg=AOvVaw0kdEBV93E49cOlJ9yVVAiE
Stunning ‘Planet Parade’ Visible In Night Sky This Week — How To See It,Forbes,9 hours ago,"Venus, Saturn, Jupiter and Mars are all visible after sunset, but social media claims about it being a rare ""planetary alignment"" are not correct.",https://www.forbes.com/sites/jamiecartereurope/2025/01/18/stunning-planet-parade-visible-in-night-sky-this-week---when-and-where-to-look/&ved=2ahUKEwjD3OCs-oCLAxU4j68BHau_BPc4FBDF9AF6BAgDEAI&usg=AOvVaw2amZkdVl3fzyMPmpRYIhME
Tony Mowbray | 'It's a new challenge and a new era',West Bromwich Albion,9 hours ago,"Tony Mowbray says he feels ""energetic, vibrant and ready to get to work"" after returning to The Hawthorns as Head Coach.",https://www.wba.co.uk/news/tony-mowbray-its-new-challenge-and-new-era&ved=2ahUKEwjD3OCs-oCLAxU4j68BHau_BPc4FBDF9AF6BAgGEAI&usg=AOvVaw3LJffQE8MH3C_p5xcg4OIW
Revealed: Conservatives spent £134m on never-used IT systems for failed Rwanda scheme,The Guardian,0 hours ago,Home Office official says data protection laws caused the cost of its forced removal programme to increase.,https://www.theguardian.com/world/2025/jan/18/revealed-conservatives-spent-134m-on-never-used-it-systems-for-failed-rwanda-scheme&ved=2ahUKEwjD3OCs-oCLAxU4j68BHau_BPc4FBDF9AF6BAgIEAI&usg=AOvVaw39cn9Ocgg60hHpuVG-BqEr
Texans’ DeMeco Ryans on controversial flags: ‘It was us vs. everybody’ - The Athletic,The New York Times,9 minutes ago,The two particular calls involved hits against Chiefs quarterback Patrick Mahomes and came on scoring drives for Kansas City.,https://www.nytimes.com/athletic/6072240/2025/01/18/texans-chiefs-controversial-penalty/&ved=2ahUKEwiilsit-oCLAxVMbvUHHTP_HyIQxfQBegQICBAC&usg=AOvVaw2js1u3Ur2xZiPXpkkB00fy
Anderson: It was Texans 'vs. the refs' in loss,ESPN,1 hour ago,"After Saturday's 23-14 AFC divisional round playoff loss to the Kansas City Chiefs in which some penalty calls worked against the Houston Texans,...",https://www.espn.com/nfl/story/_/id/43472843/will-anderson-jr-irked-penalty-calls-texans-loss&ved=2ahUKEwiilsit-oCLAxVMbvUHHTP_HyIQxfQBegQICRAC&usg=AOvVaw2IUI2ImnmpzxNyWAIs1uDm
TikTok Tells Users It Will Be ‘Temporarily Unavailable’ in the U.S.,The New York Times,1 hour ago,"The popular video app displayed a message signaling it might go offline, with a federal law barring U.S. companies from hosting or distributing TikTok set...",https://www.nytimes.com/2025/01/18/technology/tiktok-ban.html&ved=2ahUKEwiilsit-oCLAxVMbvUHHTP_HyIQxfQBegQIBBAC&usg=AOvVaw2KobzQXgUE-_TUpPA96rZv
Iran unveils underground naval base as it seeks to counter Israeli threat,Sky News,1 hour ago,"Footage broadcast on state TV shows a large number of speedboats lined up in what appears to be an underground tunnel. It is reportedly part of a ""secret""...",https://news.sky.com/story/iran-unveils-underground-naval-base-as-it-seeks-to-counter-israeli-threat-13292050&ved=2ahUKEwiilsit-oCLAxVMbvUHHTP_HyIQxfQBegQIBxAC&usg=AOvVaw0KYdPx8r5_vfDkppBzbl8u
Protesters storm South Korea court after it extends Yoon's detention,Reuters,1 hour ago,"Supporters of impeached President Yoon Suk Yeol pushed past lines of police to enter the court, some destroying furniture and blasting fire extinguishers at...",https://www.reuters.com/world/asia-pacific/south-korean-court-grants-extension-president-yoons-detention-2025-01-18/&ved=2ahUKEwiilsit-oCLAxVMbvUHHTP_HyIQxfQBegQIABAC&usg=AOvVaw2f0Y742DkN5joXnSSJxprS
TikTok tells users it will be ‘temporarily unavailable' when ban starts Sunday,NBC10 Philadelphia,1 hour ago,A law is set to ban TikTok in the United States unless it divests from its Chinese-owned parent company by Jan. 19. Published 4 mins ago • Updated 3...,https://www.nbcphiladelphia.com/news/national-international/tiktok-tells-users-temporarily-unavailable-ban/4082311/&ved=2ahUKEwiilsit-oCLAxVMbvUHHTP_HyIQxfQBegQIARAC&usg=AOvVaw0dLiY3-2jOZSmEoinzkHPL
TikTok warns Americans it is about to shut down,CNN,2 hours ago,TikTok could go dark in the United States on Sunday after the Supreme Court upheld a ban on the Chinese-owned social media platform — but it could be back...,https://www.cnn.com/2025/01/18/business/trump-tiktok-ban/index.html&ved=2ahUKEwiilsit-oCLAxVMbvUHHTP_HyIQxfQBegQIAhAC&usg=AOvVaw1ubIGgjDov1g1gbp8NPH7w
"After Chiefs win despite a subpar performance, can they keep getting away with it deep into playoffs?",Yahoo Sports,2 hours ago,"They did it again. Despite not looking like an overwhelming team at really any point this season, the Chiefs have muscled their way to a seventh straight...",https://sports.yahoo.com/after-chiefs-win-despite-a-subpar-performance-can-they-keep-getting-away-with-it-deep-into-playoffs-023646397.html&ved=2ahUKEwiilsit-oCLAxVMbvUHHTP_HyIQxfQBegQIBRAC&usg=AOvVaw2ptyp-5Q7WTjma77Nu6ckN
TikTok tells users it will be 'temporarily unavailable' in the US on Sunday,Reuters,2 hours ago,"TikTok told users in the United States late on Saturday it would be ""temporarily unavailable"" on Sunday when a law banning the app takes effect in the...",https://www.reuters.com/technology/tiktok-tells-users-it-will-be-temporarily-unavailable-us-sunday-2025-01-19/&ved=2ahUKEwiilsit-oCLAxVMbvUHHTP_HyIQxfQBegQIBhAC&usg=AOvVaw18djLXVA2G6Is8VssMroSx
"As it happened: Luxon announces Cabinet reshuffle, Shane Reti loses health portfolio to Simeon Brown",RNZ,3 hours ago,"Dr Shane Reti has lost his health portfolio in a major reshuffle by Prime Minister Christopher Luxon. He will be replaced by Simeon Brown,...",https://www.rnz.co.nz/news/political/539370/as-it-happened-luxon-announces-cabinet-reshuffle-shane-reti-loses-health-portfolio-to-simeon-brown&ved=2ahUKEwiilsit-oCLAxVMbvUHHTP_HyIQxfQBegQIAxAC&usg=AOvVaw2zC3T_nURYFOYviMAbCvaN
Souček | It was a disappointing display,West Ham United,0 hours ago,Stand-in skipper Tomáš Souček admitted there was widespread frustration and disappointment among the West Ham United dressing room following the 2-0 defeat...,https://www.whufc.com/news/soucek-it-was-disappointing-display&ved=2ahUKEwjfyvGt-oCLAxVBdfUHHf-5H6g4HhDF9AF6BAgHEAI&usg=AOvVaw0YAVv8o18xtsy_fmKE8AtD
Israel will not proceed with Gaza ceasefire until it gets hostage list: Netanyahu,YouTube,0 hours ago,Benjamin Netanyahu says he will not relent until all the captives are released. He also says that the deal was achieved with the cooperation of US President...,https://www.youtube.com/watch%3Fv%3DWbmADJckXT0&ved=2ahUKEwjfyvGt-oCLAxVBdfUHHf-5H6g4HhDF9AF6BAgJEAI&usg=AOvVaw2cK_8lgQZ5rMrAU_m-Vowk
Donald Trump Says He Will Most Likely Give TikTok 90 Days to Avoid Ban,Variety,0 hours ago,"President-elect Donald Trump said he will ""most likely"" give TikTok a 90-day grace period to avoid getting banned once he takes office on Jan. 20.",https://variety.com/2025/digital/news/donald-trump-tiktok-90-days-banned-us-1236278070/&ved=2ahUKEwjfyvGt-oCLAxVBdfUHHf-5H6g4HhDF9AF6BAgCEAI&usg=AOvVaw0GkdzpqMTTgyZrhyXFvCiB
It’s not clear who will lead the Pentagon when Trump takes office. What happens then?,AP News,0 hours ago,It's unclear who'll take over at the Pentagon and the military services when the top leaders all step down Monday as President-elect Donald Trump is sworn...,https://apnews.com/article/trump-defense-department-transition-secretaries-inauguration-bf535549800d166060f1c4399360d06f&ved=2ahUKEwjfyvGt-oCLAxVBdfUHHf-5H6g4HhDF9AF6BAgGEAI&usg=AOvVaw1crGqztWnoygtgCmvxYAfQ
TikTok Ban: Trump Suggests He’ll Delay Ban—Here’s Everything We Know,Forbes,0 hours ago,"President-elect Donald Trump said Saturday he will “most likely” issue a temporary delay a nationwide ban on TikTok, extending a deadline for the app to be...",https://www.forbes.com/sites/antoniopequenoiv/2025/01/18/tiktok-ban-trump-suggests-hell-delay-ban-heres-everything-we-know/&ved=2ahUKEwjfyvGt-oCLAxVBdfUHHf-5H6g4HhDF9AF6BAgAEAI&usg=AOvVaw2NJbcNfAofVCDrRV4O9OE0
Brentford vs Liverpool 0-2: English Premier League – as it happened,Al Jazeera,0 hours ago,All our updates and our full post-match coverage with interviews and reaction from the match in London.,https://www.aljazeera.com/sports/liveblog/2025/1/18/live-brentford-vs-liverpool-english-premier-league&ved=2ahUKEwjfyvGt-oCLAxVBdfUHHf-5H6g4HhDF9AF6BAgDEAI&usg=AOvVaw2i2fklSpZ3EPMZJsx8ApJg
Irish Premiership: 'It was 100% the right call' - Larne boss Haveron on abandonment,BBC,0 hours ago,"Larne boss Gary Haveron says the decision to abandon his side's game with Glentoran at the Oval due to floodlight failure was ""100% the right call"".",https://www.bbc.com/sport/articles/c9vmynw88lgo&ved=2ahUKEwjfyvGt-oCLAxVBdfUHHf-5H6g4HhDF9AF6BAgIEAI&usg=AOvVaw1k3c_jf5CSuet4IwL2LL19
A Killer Was Taken Back Into Custody. Was It Because of His Drill Rap Songs?,The New York Times,1 hours ago,"One man was known as a killer, sentenced to life in prison in 2009 for killing a 16-year-old London student in a gruesome confrontation at a bakery.",https://www.nytimes.com/2025/01/18/world/europe/drill-rap-ten-jake-fahri.html&ved=2ahUKEwjfyvGt-oCLAxVBdfUHHf-5H6g4HhDF9AF6BAgEEAI&usg=AOvVaw0tQMrb3WI-PvkzaTzFNbG9
Employee Engagement 2.0? It’s Called Economic Engagement,Inc.com,1 hours ago,"Before the Industrial Revolution, work wasn't just a job. At family-owned farms and local businesses, employees intimately understood both their customers...",https://www.inc.com/bill-fotsch/employee-engagement-2-0-its-called-economic-engagement/91108388&ved=2ahUKEwjfyvGt-oCLAxVBdfUHHf-5H6g4HhDF9AF6BAgFEAI&usg=AOvVaw1cbRa7tX73YHIpuX0QTTqH
"As TikTok prepares to shut down, billionaire Frank McCourt wants to buy it to radically change how the internet works",Fortune,2 hours ago,"As Washington, D.C., and Silicon Valley sit on the edge of their seats awaiting the fate of TikTok after the Supreme Court upheld a law banning it if wasn't...",https://fortune.com/2025/01/18/tiktok-sale-ban-frank-mccourt-trump-bytedance-supreme-court-biden/&ved=2ahUKEwjfyvGt-oCLAxVBdfUHHf-5H6g4HhDF9AF6BAgBEAI&usg=AOvVaw2F5UugPRCvgnvkCOrNT0oU
Texans’ DeMeco Ryans on controversial flags: ‘It was us vs. everybody’ - The Athletic,The New York Times,9 minutes ago,The two particular calls involved hits against Chiefs quarterback Patrick Mahomes and came on scoring drives for Kansas City.,https://www.nytimes.com/athletic/6072240/2025/01/18/texans-chiefs-controversial-penalty/&ved=2ahUKEwiLudiu-oCLAxWnafUHHVevARoQxfQBegQIARAC&usg=AOvVaw3vgfeh6RNpvRxJzn0OraZm
Anderson: It was Texans 'vs. the refs' in loss,ESPN,1 hour ago,"After Saturday's 23-14 AFC divisional round playoff loss to the Kansas City Chiefs in which some penalty calls worked against the Houston Texans,...",https://www.espn.com/nfl/story/_/id/43472843/will-anderson-jr-irked-penalty-calls-texans-loss&ved=2ahUKEwiLudiu-oCLAxWnafUHHVevARoQxfQBegQICRAC&usg=AOvVaw3UBFQic5HXKiq3A5KOPP2i
TikTok Tells Users It Will Be ‘Temporarily Unavailable’ in the U.S.,The New York Times,1 hour ago,"The popular video app displayed a message signaling it might go offline, with a federal law barring U.S. companies from hosting or distributing TikTok set...",https://www.nytimes.com/2025/01/18/technology/tiktok-ban.html&ved=2ahUKEwiLudiu-oCLAxWnafUHHVevARoQxfQBegQICBAC&usg=AOvVaw10UEsxYiaVgmt5lG9cdjvi
Iran unveils underground naval base as it seeks to counter Israeli threat,Sky News,1 hour ago,"Footage broadcast on state TV shows a large number of speedboats lined up in what appears to be an underground tunnel. It is reportedly part of a ""secret""...",https://news.sky.com/story/iran-unveils-underground-naval-base-as-it-seeks-to-counter-israeli-threat-13292050&ved=2ahUKEwiLudiu-oCLAxWnafUHHVevARoQxfQBegQIAxAC&usg=AOvVaw3QBVaFlETkvKUh_sUSE2tR
Protesters storm South Korea court after it extends Yoon's detention,Reuters,1 hour ago,"Supporters of impeached President Yoon Suk Yeol pushed past lines of police to enter the court, some destroying furniture and blasting fire extinguishers at...",https://www.reuters.com/world/asia-pacific/south-korean-court-grants-extension-president-yoons-detention-2025-01-18/&ved=2ahUKEwiLudiu-oCLAxWnafUHHVevARoQxfQBegQIABAC&usg=AOvVaw16NB-dSQ7H7Vb00nRSP9vl
TikTok tells users it will be ‘temporarily unavailable' when ban starts Sunday,NBC10 Philadelphia,1 hour ago,A law is set to ban TikTok in the United States unless it divests from its Chinese-owned parent company by Jan. 19. Published 4 mins ago • Updated 3...,https://www.nbcphiladelphia.com/news/national-international/tiktok-tells-users-temporarily-unavailable-ban/4082311/&ved=2ahUKEwiLudiu-oCLAxWnafUHHVevARoQxfQBegQIBRAC&usg=AOvVaw3KSlhHDuc5Q00MTdac4ECG
TikTok warns Americans it is about to shut down,CNN,2 hours ago,TikTok could go dark in the United States on Sunday after the Supreme Court upheld a ban on the Chinese-owned social media platform — but it could be back...,https://www.cnn.com/2025/01/18/business/trump-tiktok-ban/index.html&ved=2ahUKEwiLudiu-oCLAxWnafUHHVevARoQxfQBegQIBxAC&usg=AOvVaw1hFmVpa3gB0OvsRBr-1RjF
"After Chiefs win despite a subpar performance, can they keep getting away with it deep into playoffs?",Yahoo Sports,2 hours ago,"They did it again. Despite not looking like an overwhelming team at really any point this season, the Chiefs have muscled their way to a seventh straight...",https://sports.yahoo.com/after-chiefs-win-despite-a-subpar-performance-can-they-keep-getting-away-with-it-deep-into-playoffs-023646397.html&ved=2ahUKEwiLudiu-oCLAxWnafUHHVevARoQxfQBegQIBhAC&usg=AOvVaw1hX5VxZQSajfmnRWQbhhq5
TikTok tells users it will be 'temporarily unavailable' in the US on Sunday,Reuters,2 hours ago,"TikTok told users in the United States late on Saturday it would be ""temporarily unavailable"" on Sunday when a law banning the app takes effect in the...",https://www.reuters.com/technology/tiktok-tells-users-it-will-be-temporarily-unavailable-us-sunday-2025-01-19/&ved=2ahUKEwiLudiu-oCLAxWnafUHHVevARoQxfQBegQIBBAC&usg=AOvVaw2ENOk4rl5CPAq5JSzkIOq3
"As it happened: Luxon announces Cabinet reshuffle, Shane Reti loses health portfolio to Simeon Brown",RNZ,3 hours ago,"Dr Shane Reti has lost his health portfolio in a major reshuffle by Prime Minister Christopher Luxon. He will be replaced by Simeon Brown,...",https://www.rnz.co.nz/news/political/539370/as-it-happened-luxon-announces-cabinet-reshuffle-shane-reti-loses-health-portfolio-to-simeon-brown&ved=2ahUKEwiLudiu-oCLAxWnafUHHVevARoQxfQBegQIAhAC&usg=AOvVaw2MGTxltWiPEGyW1yo3VOkg
"Sleet, rain or snow? Here's the latest forecast for next week's winter weather",WDSU,2 hours ago,It's looking very likely that very cold air will drop into Southeast Louisiana and New Orleans next week along with chances of snow or a wintry mix.,https://www.wdsu.com/article/will-it-snow-in-new-orleans-freezing-rain-sleet-wintry-mix-southeast-louisiana/63449628&ved=2ahUKEwiR2IGv-oCLAxXtf_UHHVPDEwk4KBDF9AF6BAgCEAI&usg=AOvVaw2yFjhEONebOJf3uBKWZkLw
"What we know on the Israel-Hamas ceasefire, and what it means for Gaza and the hostages",NBC News,2 hours ago,A ceasefire deal between Israel and Hamas could end 15 months of war in Gaza that has seen tens of thousands of people killed and left hostages in limbo.,https://www.nbcnews.com/news/world/israel-hamas-ceasefire-gaza-rcna187913&ved=2ahUKEwiR2IGv-oCLAxXtf_UHHVPDEwk4KBDF9AF6BAgJEAI&usg=AOvVaw3vsdfmhGx5ec2z6MQXSDrH
Ruel Sotiriou | It was an amazing feeling to score against Barnsley,Bristol Rovers,2 hours ago,Ruel Sotiriou insisted it was an 'amazing feeling' to score after Bristol Rovers' 3-1 victory over Barnsley in Sky Bet League One.,https://www.bristolrovers.co.uk/news/ruel-sotiriou-it-was-amazing-feeling-score-against-barnsley&ved=2ahUKEwiR2IGv-oCLAxXtf_UHHVPDEwk4KBDF9AF6BAgIEAI&usg=AOvVaw1fPEqg3eLkS-wRs4OVoDfq
‘It’s an absolute travesty’: fears for border wildlife as Trump takes office,The Guardian,3 hours ago,Environmentalists are braced for new construction on the president's signature border wall – and the damage that would wreak.,https://www.theguardian.com/us-news/2025/jan/18/trump-border-wall-ecology&ved=2ahUKEwiR2IGv-oCLAxXtf_UHHVPDEwk4KBDF9AF6BAgAEAI&usg=AOvVaw3NpTYJzECT2UKHNRiTfI6T
"""It’s An Inferiority Complex!"" Has Arteta Taken Arsenal As Far As He Can?",YouTube,3 hours ago,Ahh yes Abbey Summers and Mattise are always objective when it comes to Arsenal. 13:13 · Go to channel. Arsenal v. Aston Villa | PREMIER LEAGUE HIGHLIGHTS...,https://www.youtube.com/watch%3Fv%3D3-QDJdj47EM&ved=2ahUKEwiR2IGv-oCLAxXtf_UHHVPDEwk4KBDF9AF6BAgEEAI&usg=AOvVaw35PgeNgRM1AW-HL4SeroxT
"If Democrats Attack Trump’s Rich Pals as ‘Oligarchs,’ Will It Stick?",The New York Times,3 hours ago,Some Democrats see Elon Musk as an ideal foil. But not everyone agrees.,https://www.nytimes.com/2025/01/17/us/politics/democrats-trump-oligarchy-biden.html&ved=2ahUKEwiR2IGv-oCLAxXtf_UHHVPDEwk4KBDF9AF6BAgBEAI&usg=AOvVaw0LqQlr6UXpTcwrK37hdggH
Russia says it will counter any UK-Ukraine cooperation in Sea of Azov,Reuters,3 hours ago,"The Russian Foreign Ministry said on Saturday Ukraine and Britain ""had no room"" for cooperation in the Sea of Azov, commenting on a new 100-year partnership...",https://www.reuters.com/world/europe/russia-says-it-will-counter-any-uk-ukraine-cooperation-sea-azov-2025-01-18/&ved=2ahUKEwiR2IGv-oCLAxXtf_UHHVPDEwk4KBDF9AF6BAgGEAI&usg=AOvVaw277bvAcuq2ruej0_rtPZpV
Banks Scrimped on Customer Interest. Now They’re Paying for It.,WSJ,4 hours ago,Wall Street is starting to pay the price for the stingy interest rates it gave some customers for their cash. Wells Fargo WFC 1.49%increase;...,https://www.wsj.com/finance/banking/banks-scrimped-on-customer-interest-now-theyre-paying-for-it-7dfbce82&ved=2ahUKEwiR2IGv-oCLAxXtf_UHHVPDEwk4KBDF9AF6BAgDEAI&usg=AOvVaw0mPD1dYLduQ4uLOs9ap-Gu
"Mark Cuban: I was out of work and broke when I started the business that made me a millionaire—'if you've got nothing, it's the perfect time'",CNBC,4 hours ago,"Starting a business comes with intense risk and lofty potential reward — so you can benefit from having nothing to lose, says billionaire entrepreneur Mark...",https://www.cnbc.com/2025/01/18/mark-cuban-perfect-time-to-start-business-made-me-millionaire.html&ved=2ahUKEwiR2IGv-oCLAxXtf_UHHVPDEwk4KBDF9AF6BAgFEAI&usg=AOvVaw196khXTnVHzLFny06KBmb4
Google Maps is turning 20 — it's mapping three more countries and adding AI capabilities,CNBC,5 hours ago,"As Google Maps turns 20, it's mapping more countries and rolling out generative AI capabilities to keep dominance as the world's top navigation app.",https://www.cnbc.com/2025/01/18/google-maps-turns-20-adds-ai-features-new-countries-to-beat-apple.html&ved=2ahUKEwiR2IGv-oCLAxXtf_UHHVPDEwk4KBDF9AF6BAgHEAI&usg=AOvVaw2isj3Ggi_MC67GeYnx1TUs
